{
  "losses": [
    0.9189353585243225,
    0.9187878966331482,
    0.9184359908103943,
    0.917697012424469,
    0.9164476990699768,
    0.9150744080543518,
    0.9117791056632996,
    0.9058436751365662,
    0.8960797190666199,
    0.8792586326599121,
    0.8432811498641968,
    0.7255390882492065,
    0.2128722220659256,
    -1.7166998386383057
  ],
  "best_loss": -1.7166998386383057,
  "target_loss": 0.03,
  "success": true,
  "final_chamfer": 12.416711807250977,
  "final_target_coverage": 0.0,
  "final_pred_coverage": 0.0
}